created_at,id,id_str,text,full_text,truncated,entities,source,in_reply_to_status_id,in_reply_to_status_id_str,in_reply_to_user_id,in_reply_to_user_id_str,in_reply_to_screen_name,geo,coordinates,place,contributors,is_quote_status,retweet_count,favorite_count,favorited,favorited_by,retweeted,scopes,lang,possibly_sensitive,display_text_width,display_text_range,retweeted_status,quoted_status,quoted_status_id,quoted_status_id_str,quoted_status_permalink,quote_count,timestamp_ms,reply_count,filter_level,metadata,query,withheld_scope,withheld_copyright,withheld_in_countries,possibly_sensitive_appealable
2023-02-04T21:49:00Z,1.6219892212159201e+18,1621989221215920136,"oromartelevision#Elecciones2023: Falta muy poco para el d√≠a decisivo y #NoticiasOromar tendr√° una cobertura completa de esta importante jornada electoral.

¬øC√≥mo verla?

üìÜ Domingo, 5 de Febrero
üì∫ En #NoticiasOromar y todas las plataformas digitales https://t.co/nDxrPS8x1x","oromartelevision#Elecciones2023: Falta muy poco para el d√≠a decisivo y #NoticiasOromar tendr√° una cobertura completa de esta importante jornada electoral.

¬øC√≥mo verla?

üìÜ Domingo, 5 de Febrero
üì∫ En #NoticiasOromar y todas las plataformas digitales https://t.co/nDxrPS8x1x",FALSE,,"<a href=""https://www.semrush.com/"" rel=""nofollow"">Semrush Social Media Tool</a>",NA,NA,NA,NA,NA,,,,NA,FALSE,2,4,FALSE,NA,FALSE,NA,es,FALSE,NA,248,NA,,NA,NA,NA,NA,NA,NA,NA,NA,NA,NA,NA,NA,NA
2023-02-04T02:08:52Z,162169223330816e4,1621692233308160003,"¬°En Febrero el amor se vive y se respira en #OromarTv! ü•∞
¬øCu√°l es tu pareja favorita? üòç https://t.co/9QmriHQHY4","¬°En Febrero el amor se vive y se respira en #OromarTv! ü•∞
¬øCu√°l es tu pareja favorita? üòç https://t.co/9QmriHQHY4",FALSE,,"<a href=""https://www.semrush.com/"" rel=""nofollow"">Semrush Social Media Tool</a>",NA,NA,NA,NA,NA,,,,NA,FALSE,0,2,FALSE,NA,FALSE,NA,es,FALSE,NA,87,NA,,NA,NA,NA,NA,NA,NA,NA,NA,NA,NA,NA,NA,NA
2023-02-04T02:06:00Z,1621691509933506600,1621691509933506560,"#EnVivo | Alias JR, uno de los l√≠deres de Los Choneros, recuperar√≠a su libertad, porque la Fiscal√≠a se abstuvo de acusarlo por falta de pruebas.  Mira en vivo: https://t.co/r6CpTyj7wE https://t.co/nyrxcaSzqo","#EnVivo | Alias JR, uno de los l√≠deres de Los Choneros, recuperar√≠a su libertad, porque la Fiscal√≠a se abstuvo de acusarlo por falta de pruebas.  Mira en vivo: https://t.co/r6CpTyj7wE https://t.co/nyrxcaSzqo",FALSE,,"<a href=""https://periscope.tv"" rel=""nofollow"">Periscope</a>",NA,NA,NA,NA,NA,,,,NA,FALSE,3,3,FALSE,NA,FALSE,NA,es,FALSE,NA,207,NA,,NA,NA,NA,NA,NA,NA,NA,NA,NA,NA,NA,NA,NA
2023-02-04T01:39:00Z,1621684714884178e3,1621684714884177920,"Disfruta de la pel√≠cula ganadora del domingo 5 de enero üé¨
üçø La noche del demonio 2üë∫
‚è∞ 6 pm https://t.co/jvxVABAycl","Disfruta de la pel√≠cula ganadora del domingo 5 de enero üé¨
üçø La noche del demonio 2üë∫
‚è∞ 6 pm https://t.co/jvxVABAycl",FALSE,,"<a href=""https://www.semrush.com/"" rel=""nofollow"">Semrush Social Media Tool</a>",NA,NA,NA,NA,NA,,,,NA,FALSE,0,1,FALSE,NA,FALSE,NA,es,FALSE,NA,90,NA,,NA,NA,NA,NA,NA,NA,NA,NA,NA,NA,NA,NA,NA
2023-02-03T16:59:47Z,1621554052688650200,1621554052688650240,#EnVivo | Las Fuerzas Armadas ejecutan el proceso de recuperaci√≥n y reinstalaci√≥n del radar de Montecristi.  Mira en vivo: https://t.co/jRTbm6bSCI https://t.co/fxG37NR5KE,#EnVivo | Las Fuerzas Armadas ejecutan el proceso de recuperaci√≥n y reinstalaci√≥n del radar de Montecristi.  Mira en vivo: https://t.co/jRTbm6bSCI https://t.co/fxG37NR5KE,FALSE,,"<a href=""https://periscope.tv"" rel=""nofollow"">Periscope</a>",NA,NA,NA,NA,NA,,,,NA,FALSE,0,1,FALSE,NA,FALSE,NA,es,FALSE,NA,170,NA,,NA,NA,NA,NA,NA,NA,NA,NA,NA,NA,NA,NA,NA
2023-02-03T16:43:00Z,1621549825891225600,1621549825891225600,"No te piedras este domingo 5 de febrero, la m√°s extensa cobertura de la jornada electoral en #Ecuador 
Enlaces, informes en vivo y toda la informaci√≥n, solo por #OromarTV https://t.co/DO4soHUnhy","No te piedras este domingo 5 de febrero, la m√°s extensa cobertura de la jornada electoral en #Ecuador 
Enlaces, informes en vivo y toda la informaci√≥n, solo por #OromarTV https://t.co/DO4soHUnhy",FALSE,,"<a href=""https://www.semrush.com/"" rel=""nofollow"">Semrush Social Media Tool</a>",NA,NA,NA,NA,NA,,,,NA,FALSE,0,0,FALSE,NA,FALSE,NA,es,FALSE,NA,170,NA,,NA,NA,NA,NA,NA,NA,NA,NA,NA,NA,NA,NA,NA
2023-02-03T16:01:23Z,1621539356459532300,1621539356459532288,"#PacoRabanne
üìåEl dise√±ador franco-espa√±ol¬†Paco Rabanne¬†ha fallecido a los 88 a√±os en su domicilio de Portstall, en el noroeste de Francia, confirm√≥ la firma de moda que fund√≥.
Ver m√°s üëâhttps://t.co/bCqhZdKelm https://t.co/OViMApoXca","#PacoRabanne
üìåEl dise√±ador franco-espa√±ol¬†Paco Rabanne¬†ha fallecido a los 88 a√±os en su domicilio de Portstall, en el noroeste de Francia, confirm√≥ la firma de moda que fund√≥.
Ver m√°s üëâhttps://t.co/bCqhZdKelm https://t.co/OViMApoXca",FALSE,,"<a href=""https://www.semrush.com/"" rel=""nofollow"">Semrush Social Media Tool</a>",NA,NA,NA,NA,NA,,,,NA,FALSE,0,2,FALSE,NA,FALSE,NA,es,FALSE,NA,208,NA,,NA,NA,NA,NA,NA,NA,NA,NA,NA,NA,NA,NA,NA
2023-02-03T11:05:11Z,1621464812986466300,1621464812986466304,"#EnVivo | Choque de bus y cami√≥n deja varios fallecidos en la Ruta del Spondylus, cerca al balneario de Ayampe, provincia de Manab√≠.    Mira en vivo: https://t.co/jRTbm6bSCI https://t.co/hnDR0xTJBX","#EnVivo | Choque de bus y cami√≥n deja varios fallecidos en la Ruta del Spondylus, cerca al balneario de Ayampe, provincia de Manab√≠.    Mira en vivo: https://t.co/jRTbm6bSCI https://t.co/hnDR0xTJBX",FALSE,,"<a href=""https://periscope.tv"" rel=""nofollow"">Periscope</a>",NA,NA,NA,NA,NA,,,,NA,FALSE,0,3,FALSE,NA,FALSE,NA,es,FALSE,NA,197,NA,,NA,NA,NA,NA,NA,NA,NA,NA,NA,NA,NA,NA,NA
2023-02-03T02:09:17Z,1621329949159481300,1621329949159481345,"#EnVivo | Durante el cierre de campa√±a de Wilson Erazo, candidato a la alcald√≠a de Santo Domingo, se registraron varios disparos con arma de fuego.  Mira en vivo: https://t.co/jRTbm6bSCI https://t.co/i7SOBtUghT","#EnVivo | Durante el cierre de campa√±a de Wilson Erazo, candidato a la alcald√≠a de Santo Domingo, se registraron varios disparos con arma de fuego.  Mira en vivo: https://t.co/jRTbm6bSCI https://t.co/i7SOBtUghT",FALSE,,"<a href=""https://periscope.tv"" rel=""nofollow"">Periscope</a>",NA,NA,NA,NA,NA,,,,NA,FALSE,1,0,FALSE,NA,FALSE,NA,es,FALSE,NA,210,NA,,NA,NA,NA,NA,NA,NA,NA,NA,NA,NA,NA,NA,NA
2023-02-02T16:59:53Z,1621191686683775e3,1621191686683774976,#EnVivo | El Gobierno presentar√° una denuncia contra jueces a los que acusa de liberar a delincuentes.  Mira en vivo: https://t.co/jRTbm6bSCI https://t.co/ylDBwktJgc,#EnVivo | El Gobierno presentar√° una denuncia contra jueces a los que acusa de liberar a delincuentes.  Mira en vivo: https://t.co/jRTbm6bSCI https://t.co/ylDBwktJgc,FALSE,,"<a href=""https://periscope.tv"" rel=""nofollow"">Periscope</a>",NA,NA,NA,NA,NA,,,,NA,FALSE,0,1,FALSE,NA,FALSE,NA,es,FALSE,NA,165,NA,,NA,NA,NA,NA,NA,NA,NA,NA,NA,NA,NA,NA,NA
2023-02-02T16:43:00Z,1621187438138822700,1621187438138822661,"No te piedras este domingo 5 de febrero, la m√°s extensa cobertura de la jornada electoral en #Ecuador 
Enlaces, informes en vivo y toda la informaci√≥n, solo por #OromarTV https://t.co/dJtNoNi34R","No te piedras este domingo 5 de febrero, la m√°s extensa cobertura de la jornada electoral en #Ecuador 
Enlaces, informes en vivo y toda la informaci√≥n, solo por #OromarTV https://t.co/dJtNoNi34R",FALSE,,"<a href=""https://www.semrush.com/"" rel=""nofollow"">Semrush Social Media Tool</a>",NA,NA,NA,NA,NA,,,,NA,FALSE,0,1,FALSE,NA,FALSE,NA,es,FALSE,NA,170,NA,,NA,NA,NA,NA,NA,NA,NA,NA,NA,NA,NA,NA,NA
2023-02-02T15:33:07Z,1621169854794399700,1621169854794399744,"#ShakiraPique 
üìåLleg√≥ el 02 de febrero del 2023 y es el primer cumplea√±os que Shakira y Piqu√© celebrar√°n por separado despu√©s de 12 a√±os de relaci√≥n. 
Ver m√°süëâ https://t.co/l0EA5xX9qO https://t.co/4INTrjjiSZ","#ShakiraPique 
üìåLleg√≥ el 02 de febrero del 2023 y es el primer cumplea√±os que Shakira y Piqu√© celebrar√°n por separado despu√©s de 12 a√±os de relaci√≥n. 
Ver m√°süëâ https://t.co/l0EA5xX9qO https://t.co/4INTrjjiSZ",FALSE,,"<a href=""https://www.semrush.com/"" rel=""nofollow"">Semrush Social Media Tool</a>",NA,NA,NA,NA,NA,,,,NA,FALSE,2,2,FALSE,NA,FALSE,NA,es,FALSE,NA,183,NA,,NA,NA,NA,NA,NA,NA,NA,NA,NA,NA,NA,NA,NA
2023-02-02T10:56:28Z,1621100232372281300,1621100232372281347,"#EnVivo | Un incendio de gran magnitud se report√≥ en una bodega de neum√°ticos, ubicada en la v√≠a a Dur√°n-Boliche. Mira en vivo: https://t.co/jRTbm6bSCI https://t.co/vJHznD2Y2V","#EnVivo | Un incendio de gran magnitud se report√≥ en una bodega de neum√°ticos, ubicada en la v√≠a a Dur√°n-Boliche. Mira en vivo: https://t.co/jRTbm6bSCI https://t.co/vJHznD2Y2V",FALSE,,"<a href=""https://periscope.tv"" rel=""nofollow"">Periscope</a>",NA,NA,NA,NA,NA,,,,NA,FALSE,8,6,FALSE,NA,FALSE,NA,es,FALSE,NA,175,NA,,NA,NA,NA,NA,NA,NA,NA,NA,NA,NA,NA,NA,NA
2023-02-01T21:49:00Z,1620902057552093200,1620902057552093207,"oromartelevision#Elecciones2023: Falta muy poco para el d√≠a decisivo y #NoticiasOromar tendr√° una cobertura completa de esta importante jornada electoral.

¬øC√≥mo verla?

üìÜ Domingo, 5 de Febrero
üì∫ En #NoticiasOromar y todas las plataformas digitales https://t.co/y19scXS51k","oromartelevision#Elecciones2023: Falta muy poco para el d√≠a decisivo y #NoticiasOromar tendr√° una cobertura completa de esta importante jornada electoral.

¬øC√≥mo verla?

üìÜ Domingo, 5 de Febrero
üì∫ En #NoticiasOromar y todas las plataformas digitales https://t.co/y19scXS51k",FALSE,,"<a href=""https://www.semrush.com/"" rel=""nofollow"">Semrush Social Media Tool</a>",NA,NA,NA,NA,NA,,,,NA,FALSE,2,3,FALSE,NA,FALSE,NA,es,FALSE,NA,248,NA,,NA,NA,NA,NA,NA,NA,NA,NA,NA,NA,NA,NA,NA
2023-02-01T16:58:02Z,1620828836844937200,1620828836844937216,#EnVivo | Integrantes de la Marina inmersos en tareas de control y manejo de informaci√≥n sensible ser√°n sometidos a la prueba del pol√≠grafo. Mira en vivo: https://t.co/jRTbm6bSCI https://t.co/F4NUA3M3DM,#EnVivo | Integrantes de la Marina inmersos en tareas de control y manejo de informaci√≥n sensible ser√°n sometidos a la prueba del pol√≠grafo. Mira en vivo: https://t.co/jRTbm6bSCI https://t.co/F4NUA3M3DM,FALSE,,"<a href=""https://periscope.tv"" rel=""nofollow"">Periscope</a>",NA,NA,NA,NA,NA,,,,NA,FALSE,0,0,FALSE,NA,FALSE,NA,es,FALSE,NA,202,NA,,NA,NA,NA,NA,NA,NA,NA,NA,NA,NA,NA,NA,NA
2023-02-01T16:43:00Z,1620825050545885200,1620825050545885186,"No te piedras este domingo 5 de febrero, la m√°s extensa cobertura de la jornada electoral en #Ecuador 
Enlaces, informes en vivo y toda la informaci√≥n, solo por #OromarTV https://t.co/mCm2uXnVhO","No te piedras este domingo 5 de febrero, la m√°s extensa cobertura de la jornada electoral en #Ecuador 
Enlaces, informes en vivo y toda la informaci√≥n, solo por #OromarTV https://t.co/mCm2uXnVhO",FALSE,,"<a href=""https://www.semrush.com/"" rel=""nofollow"">Semrush Social Media Tool</a>",NA,NA,NA,NA,NA,,,,NA,FALSE,0,0,FALSE,NA,FALSE,NA,es,FALSE,NA,170,NA,,NA,NA,NA,NA,NA,NA,NA,NA,NA,NA,NA,NA,NA
2023-02-01T15:51:00Z,1620811963977666600,1620811963977666561,"#Portoviejo
üìåEn Calder√≥n asesinan a comerciante de ganado 
M√°s detalles aqu√≠üëâ https://t.co/M23qRDlv5i https://t.co/g6hD0vt246","#Portoviejo
üìåEn Calder√≥n asesinan a comerciante de ganado 
M√°s detalles aqu√≠üëâ https://t.co/M23qRDlv5i https://t.co/g6hD0vt246",FALSE,,"<a href=""https://www.semrush.com/"" rel=""nofollow"">Semrush Social Media Tool</a>",NA,NA,NA,NA,NA,,,,NA,FALSE,1,1,FALSE,NA,FALSE,NA,es,FALSE,NA,101,NA,,NA,NA,NA,NA,NA,NA,NA,NA,NA,NA,NA,NA,NA
2023-02-01T10:56:49Z,1620737932268286e3,1620737932268285952,#EnVivo | Un tribunal de Pichincha concedi√≥ la libertad a Ola Bini en el proceso por acceso a un sistema inform√°tico. Mira en vivo: https://t.co/jRTbm6bSCI https://t.co/RWLz922BTG,#EnVivo | Un tribunal de Pichincha concedi√≥ la libertad a Ola Bini en el proceso por acceso a un sistema inform√°tico. Mira en vivo: https://t.co/jRTbm6bSCI https://t.co/RWLz922BTG,FALSE,,"<a href=""https://periscope.tv"" rel=""nofollow"">Periscope</a>",NA,NA,NA,NA,NA,,,,NA,FALSE,0,1,FALSE,NA,FALSE,NA,es,FALSE,NA,179,NA,,NA,NA,NA,NA,NA,NA,NA,NA,NA,NA,NA,NA,NA
2023-02-01T01:59:39Z,1620602749615476700,1620602749615476740,"#EnVivo | Las bancadas de Unes, Pachakutik, PSC e ID no quieren posesionar a los consejeros suplentes del CPCCS. Mira en vivo: https://t.co/jRTbm6bSCI https://t.co/8k3MgZMgFg","#EnVivo | Las bancadas de Unes, Pachakutik, PSC e ID no quieren posesionar a los consejeros suplentes del CPCCS. Mira en vivo: https://t.co/jRTbm6bSCI https://t.co/8k3MgZMgFg",FALSE,,"<a href=""https://periscope.tv"" rel=""nofollow"">Periscope</a>",NA,NA,NA,NA,NA,,,,NA,FALSE,1,0,FALSE,NA,FALSE,NA,es,FALSE,NA,174,NA,,NA,NA,NA,NA,NA,NA,NA,NA,NA,NA,NA,NA,NA
2023-01-31T17:00:24Z,1620467043605823500,1620467043605823488,#EnVivo | En Espa√±a incautaron m√°s de mil kilos de coca√≠na procedente de Ecuador. La droga estaba oculta en contenedores con cacao en polvo.  Mira en vivo: https://t.co/jRTbm6bSCI https://t.co/uruFBo8VYG,#EnVivo | En Espa√±a incautaron m√°s de mil kilos de coca√≠na procedente de Ecuador. La droga estaba oculta en contenedores con cacao en polvo.  Mira en vivo: https://t.co/jRTbm6bSCI https://t.co/uruFBo8VYG,FALSE,,"<a href=""https://periscope.tv"" rel=""nofollow"">Periscope</a>",NA,NA,NA,NA,NA,,,,NA,FALSE,0,0,FALSE,NA,FALSE,NA,es,FALSE,NA,203,NA,,NA,NA,NA,NA,NA,NA,NA,NA,NA,NA,NA,NA,NA
2023-01-31T16:46:53Z,1620463639961522200,1620463639961522177,"No te piedras este domingo 5 de febrero, la m√°s extensa cobertura de la jornada electoral en #Ecuador 
Enlaces, informes en vivo y toda la informaci√≥n, solo por #OromarTV https://t.co/DhcubOMBHS","No te piedras este domingo 5 de febrero, la m√°s extensa cobertura de la jornada electoral en #Ecuador 
Enlaces, informes en vivo y toda la informaci√≥n, solo por #OromarTV https://t.co/DhcubOMBHS",FALSE,,"<a href=""https://www.semrush.com/"" rel=""nofollow"">Semrush Social Media Tool</a>",NA,NA,NA,NA,NA,,,,NA,FALSE,0,1,FALSE,NA,FALSE,NA,es,FALSE,NA,170,NA,,NA,NA,NA,NA,NA,NA,NA,NA,NA,NA,NA,NA,NA
2023-01-31T15:36:29Z,162044592504175e4,1620445925041750016,"#MarcAnthony 
üìåEl fin de semana fue testigo de la promesa eterna que se hizo la pareja en su lujosa boda eclesi√°stica en Miami, Estados Unidos. Pero as√≠ como hubo mucho amor en el aire, tambi√©n hubieron memes que se tomaron las redes sociales. 
Ver m√°s üëâhttps://t.co/thORh6GVKM https://t.co/SIBf00xTF0","#MarcAnthony 
üìåEl fin de semana fue testigo de la promesa eterna que se hizo la pareja en su lujosa boda eclesi√°stica en Miami, Estados Unidos. Pero as√≠ como hubo mucho amor en el aire, tambi√©n hubieron memes que se tomaron las redes sociales. 
Ver m√°s üëâhttps://t.co/thORh6GVKM https://t.co/SIBf00xTF0",FALSE,,"<a href=""https://www.semrush.com/"" rel=""nofollow"">Semrush Social Media Tool</a>",NA,NA,NA,NA,NA,,,,NA,FALSE,0,1,FALSE,NA,FALSE,NA,es,FALSE,NA,277,NA,,NA,NA,NA,NA,NA,NA,NA,NA,NA,NA,NA,NA,NA
2023-01-31T10:57:48Z,1620375791300382700,1620375791300382722,"#EnVivo | Ciudadanos utilizaban la playa Los Frailes, en la provincia de Manab√≠, como punto de embarque de drogas que se pretend√≠a enviar en lanchas r√°pidas hacia Centroam√©rica.  Mira en vivo: https://t.co/jRTbm6bSCI https://t.co/xkeeH9HaZm","#EnVivo | Ciudadanos utilizaban la playa Los Frailes, en la provincia de Manab√≠, como punto de embarque de drogas que se pretend√≠a enviar en lanchas r√°pidas hacia Centroam√©rica.  Mira en vivo: https://t.co/jRTbm6bSCI https://t.co/xkeeH9HaZm",FALSE,,"<a href=""https://periscope.tv"" rel=""nofollow"">Periscope</a>",NA,NA,NA,NA,NA,,,,NA,FALSE,5,5,FALSE,NA,FALSE,NA,es,FALSE,NA,240,NA,,NA,NA,NA,NA,NA,NA,NA,NA,NA,NA,NA,NA,NA
2023-01-31T01:53:23Z,1620238783819186200,1620238783819186176,#EnVivo | La Polic√≠a captur√≥ a la madre que agredi√≥ a su hijo menor de edad en Ambato. El ni√±o pas√≥ al cuidado de la Dinapen. Mira en vivo: https://t.co/jRTbm6bSCI https://t.co/nzZTa60NoW,#EnVivo | La Polic√≠a captur√≥ a la madre que agredi√≥ a su hijo menor de edad en Ambato. El ni√±o pas√≥ al cuidado de la Dinapen. Mira en vivo: https://t.co/jRTbm6bSCI https://t.co/nzZTa60NoW,FALSE,,"<a href=""https://periscope.tv"" rel=""nofollow"">Periscope</a>",NA,NA,NA,NA,NA,,,,NA,FALSE,1,0,FALSE,NA,FALSE,NA,es,FALSE,NA,187,NA,,NA,NA,NA,NA,NA,NA,NA,NA,NA,NA,NA,NA,NA
2023-01-30T17:07:09Z,1620106353904685e3,1620106353904685056,"#LisaLoring 
üìåLa actriz Lisa Loring, qui√©n dio vida al personaje de Merlina Adamas en la serie a mediados de la d√©cada de los 60, falleci√≥ a los 64 a√±os de edad, seg√∫n informaron fuentes de medios internacionales.
Ver m√°s üëâhttps://t.co/02EQkqHBtF https://t.co/U2igpRIfCQ","#LisaLoring 
üìåLa actriz Lisa Loring, qui√©n dio vida al personaje de Merlina Adamas en la serie a mediados de la d√©cada de los 60, falleci√≥ a los 64 a√±os de edad, seg√∫n informaron fuentes de medios internacionales.
Ver m√°s üëâhttps://t.co/02EQkqHBtF https://t.co/U2igpRIfCQ",FALSE,,"<a href=""https://www.semrush.com/"" rel=""nofollow"">Semrush Social Media Tool</a>",NA,NA,NA,NA,NA,,,,NA,FALSE,1,1,FALSE,NA,FALSE,NA,es,FALSE,NA,246,NA,,NA,NA,NA,NA,NA,NA,NA,NA,NA,NA,NA,NA,NA
2023-01-30T16:54:57Z,1620103281887576e3,1620103281887576066,#EnVivo | El asamble√≠sta Ronny Aleaga comparece ante la Comisi√≥n Ocasional que investiga el caso denominado 'El Gran Padrino'. Mira en vivo: https://t.co/jRTbm6bSCI https://t.co/XBXiLtpNK5,#EnVivo | El asamble√≠sta Ronny Aleaga comparece ante la Comisi√≥n Ocasional que investiga el caso denominado 'El Gran Padrino'. Mira en vivo: https://t.co/jRTbm6bSCI https://t.co/XBXiLtpNK5,FALSE,,"<a href=""https://periscope.tv"" rel=""nofollow"">Periscope</a>",NA,NA,NA,NA,NA,,,,NA,FALSE,1,1,FALSE,NA,FALSE,NA,es,FALSE,NA,188,NA,,NA,NA,NA,NA,NA,NA,NA,NA,NA,NA,NA,NA,NA
2023-01-30T16:51:03Z,1620102301754220500,1620102301754220546,#EnVivo | El asamble√≠sta Ronny Aleaga comparece ante la Comisi√≥n Ocasional que investiga el caso denominado 'El Gran Padrino'. Mira en vivo: https://t.co/jRTbm6bSCI https://t.co/1gEOdXrdD4,#EnVivo | El asamble√≠sta Ronny Aleaga comparece ante la Comisi√≥n Ocasional que investiga el caso denominado 'El Gran Padrino'. Mira en vivo: https://t.co/jRTbm6bSCI https://t.co/1gEOdXrdD4,FALSE,,"<a href=""https://periscope.tv"" rel=""nofollow"">Periscope</a>",NA,NA,NA,NA,NA,,,,NA,FALSE,1,1,FALSE,NA,FALSE,NA,es,FALSE,NA,188,NA,,NA,NA,NA,NA,NA,NA,NA,NA,NA,NA,NA,NA,NA
2023-01-30T16:45:32Z,1620100912524951600,1620100912524951553,"No te piedras este domingo 5 de febrero, la m√°s extensa cobertura de la jornada electoral en #Ecuador 
Enlaces, informes en vivo y toda la informaci√≥n, solo por #OromarTV https://t.co/wH2b9NCEaD","No te piedras este domingo 5 de febrero, la m√°s extensa cobertura de la jornada electoral en #Ecuador 
Enlaces, informes en vivo y toda la informaci√≥n, solo por #OromarTV https://t.co/wH2b9NCEaD",FALSE,,"<a href=""https://www.semrush.com/"" rel=""nofollow"">Semrush Social Media Tool</a>",NA,NA,NA,NA,NA,,,,NA,FALSE,2,3,FALSE,NA,FALSE,NA,es,FALSE,NA,170,NA,,NA,NA,NA,NA,NA,NA,NA,NA,NA,NA,NA,NA,NA
2023-01-30T15:12:55Z,1620077605348147200,1620077605348147202,"#Efra√≠nRuales
üìåEl 27 de enero se cumplieron dos a√±os de la tr√°gica muerte del presentador Efra√≠n Ruales, y en Instagram muchos de sus amigos, familiares, e internautas le dedicaron unas palabras recordando su paso por la Tierra.
Ver m√°s üëâhttps://t.co/irhzFyjs8p https://t.co/RxkrMX4coX","#Efra√≠nRuales
üìåEl 27 de enero se cumplieron dos a√±os de la tr√°gica muerte del presentador Efra√≠n Ruales, y en Instagram muchos de sus amigos, familiares, e internautas le dedicaron unas palabras recordando su paso por la Tierra.
Ver m√°s üëâhttps://t.co/irhzFyjs8p https://t.co/RxkrMX4coX",FALSE,,"<a href=""https://www.semrush.com/"" rel=""nofollow"">Semrush Social Media Tool</a>",NA,NA,NA,NA,NA,,,,NA,FALSE,2,4,FALSE,NA,FALSE,NA,es,FALSE,NA,261,NA,,NA,NA,NA,NA,NA,NA,NA,NA,NA,NA,NA,NA,NA
2023-01-30T10:57:35Z,1620013350683033600,1620013350683033603,#EnVivo | Al menos 15 personas fueron asesinadas durante el fin de semana en la provincia del Guayas. Uno de los casos dej√≥ como resultado una menor fallecida.  Mira en vivo: https://t.co/jRTbm6bSCI https://t.co/Jhw5qvfCFB,#EnVivo | Al menos 15 personas fueron asesinadas durante el fin de semana en la provincia del Guayas. Uno de los casos dej√≥ como resultado una menor fallecida.  Mira en vivo: https://t.co/jRTbm6bSCI https://t.co/Jhw5qvfCFB,FALSE,,"<a href=""https://periscope.tv"" rel=""nofollow"">Periscope</a>",NA,NA,NA,NA,NA,,,,NA,FALSE,4,4,FALSE,NA,FALSE,NA,es,FALSE,NA,222,NA,,NA,NA,NA,NA,NA,NA,NA,NA,NA,NA,NA,NA,NA
2023-01-29T21:49:09Z,1619814935260762e3,1619814935260762114,"oromartelevision#Elecciones2023: Falta muy poco para el d√≠a decisivo y #NoticiasOromar tendr√° una cobertura completa de esta importante jornada electoral.

¬øC√≥mo verla?

üìÜ Domingo, 5 de Febrero
üì∫ En #NoticiasOromar y todas las plataformas digitales https://t.co/wBXYsxIH6C","oromartelevision#Elecciones2023: Falta muy poco para el d√≠a decisivo y #NoticiasOromar tendr√° una cobertura completa de esta importante jornada electoral.

¬øC√≥mo verla?

üìÜ Domingo, 5 de Febrero
üì∫ En #NoticiasOromar y todas las plataformas digitales https://t.co/wBXYsxIH6C",FALSE,,"<a href=""https://www.semrush.com/"" rel=""nofollow"">Semrush Social Media Tool</a>",NA,NA,NA,NA,NA,,,,NA,FALSE,1,2,FALSE,NA,FALSE,NA,es,FALSE,NA,248,NA,,NA,NA,NA,NA,NA,NA,NA,NA,NA,NA,NA,NA,NA
2023-01-29T03:00:00Z,1619530771923964e3,1619530771923963905,"""Lo malo, no forma parte de mi vida""
#EsteEs @JMmendozarodas , candidato a la alcald√≠a de #Portoviejo 
Conoce m√°s sobre su vida y trayectoria 

¬°No te pierdas una nueva entrega de #EsteEs!
üìÜ Domingo 29 de Enero
‚è∞ 8 pm https://t.co/mkoKVER1Da","""Lo malo, no forma parte de mi vida""
#EsteEs @JMmendozarodas , candidato a la alcald√≠a de #Portoviejo 
Conoce m√°s sobre su vida y trayectoria 

¬°No te pierdas una nueva entrega de #EsteEs!
üìÜ Domingo 29 de Enero
‚è∞ 8 pm https://t.co/mkoKVER1Da",FALSE,,"<a href=""https://www.semrush.com/"" rel=""nofollow"">Semrush Social Media Tool</a>",NA,NA,NA,NA,NA,,,,NA,FALSE,1,4,FALSE,NA,FALSE,NA,es,FALSE,NA,217,NA,,NA,NA,NA,NA,NA,NA,NA,NA,NA,NA,NA,NA,NA
2023-01-28T01:49:37Z,1619150671206547500,1619150671206547456,"#EnVivo | Alexis Mera, exsecretario jur√≠dico del gobierno de Rafael Correa, obtuvo su prelibertad. Mira en vivo: https://t.co/jRTbm6bSCI https://t.co/3OUH4u8GZu","#EnVivo | Alexis Mera, exsecretario jur√≠dico del gobierno de Rafael Correa, obtuvo su prelibertad. Mira en vivo: https://t.co/jRTbm6bSCI https://t.co/3OUH4u8GZu",FALSE,,"<a href=""https://periscope.tv"" rel=""nofollow"">Periscope</a>",NA,NA,NA,NA,NA,,,,NA,FALSE,1,3,FALSE,NA,FALSE,NA,es,FALSE,NA,160,NA,,NA,NA,NA,NA,NA,NA,NA,NA,NA,NA,NA,NA,NA
2023-01-27T21:33:49Z,1619086298937176e3,1619086298937176066,"Empiezan las votaciones üéâ 

¬øQu√© pel√≠cula te gustar√≠a ver este domingo 5 de febrero a las 6 de 
la tarde¬† en butaca premiere?","Empiezan las votaciones üéâ 

¬øQu√© pel√≠cula te gustar√≠a ver este domingo 5 de febrero a las 6 de 
la tarde¬† en butaca premiere?",FALSE,,"<a href=""http://twitter.com/download/android"" rel=""nofollow"">Twitter for Android</a>",NA,NA,NA,NA,NA,,,,NA,FALSE,2,3,FALSE,NA,FALSE,NA,es,NA,NA,125,NA,,NA,NA,NA,NA,NA,NA,NA,NA,NA,NA,NA,NA,NA
2023-01-27T17:40:46Z,1619027650076459e3,1619027650076459009,"#RBDTour
üìåRBD la mundialmente reconocida banda nacida de la telenovela mexicana ‚ÄúRebelde‚Äù. Anunci√≥ este jueves 26 ante las decenas de miles de fans congregados en varias partes del mundo que iniciar√° la gira ‚ÄúSoy Rebelde Tour‚Äù.
Ver m√°s detalle aqu√≠ üëâhttps://t.co/2Yy5dRnpPb https://t.co/sUGkzTQhFJ","#RBDTour
üìåRBD la mundialmente reconocida banda nacida de la telenovela mexicana ‚ÄúRebelde‚Äù. Anunci√≥ este jueves 26 ante las decenas de miles de fans congregados en varias partes del mundo que iniciar√° la gira ‚ÄúSoy Rebelde Tour‚Äù.
Ver m√°s detalle aqu√≠ üëâhttps://t.co/2Yy5dRnpPb https://t.co/sUGkzTQhFJ",FALSE,,"<a href=""https://www.semrush.com/"" rel=""nofollow"">Semrush Social Media Tool</a>",NA,NA,NA,NA,NA,,,,NA,FALSE,1,3,FALSE,NA,FALSE,NA,es,FALSE,NA,273,NA,,NA,NA,NA,NA,NA,NA,NA,NA,NA,NA,NA,NA,NA
2023-01-27T16:58:46Z,1619017080300523500,1619017080300523522,"#EnVivo | El presidente Lasso emiti√≥ un Decreto Ejecutivo en el que declara feriado recuperable el 6 de febrero, por pedido del CNE debido a las elecciones seccionales.  Mira en vivo: https://t.co/jRTbm6bSCI https://t.co/0n3LGuiXxM","#EnVivo | El presidente Lasso emiti√≥ un Decreto Ejecutivo en el que declara feriado recuperable el 6 de febrero, por pedido del CNE debido a las elecciones seccionales.  Mira en vivo: https://t.co/jRTbm6bSCI https://t.co/0n3LGuiXxM",FALSE,,"<a href=""https://periscope.tv"" rel=""nofollow"">Periscope</a>",NA,NA,NA,NA,NA,,,,NA,FALSE,0,0,FALSE,NA,FALSE,NA,es,FALSE,NA,231,NA,,NA,NA,NA,NA,NA,NA,NA,NA,NA,NA,NA,NA,NA
2023-01-27T16:33:14Z,1619010653590626300,1619010653590626304,"#DaddyYankee
üìåDaddy Yankee vuelve a la m√∫sica junto con Rauw Alejandro estrenaron este jueves su esperada nueva colaboraci√≥n ‚ÄúPanties y Brasieres‚Äù el primer estreno desde su anuncio de la despedida el a√±o pasado.
Ver m√°s detalle aqu√≠üëâhttps://t.co/hp6xJFfLBB https://t.co/jrufvJfjXs","#DaddyYankee
üìåDaddy Yankee vuelve a la m√∫sica junto con Rauw Alejandro estrenaron este jueves su esperada nueva colaboraci√≥n ‚ÄúPanties y Brasieres‚Äù el primer estreno desde su anuncio de la despedida el a√±o pasado.
Ver m√°s detalle aqu√≠üëâhttps://t.co/hp6xJFfLBB https://t.co/jrufvJfjXs",FALSE,,"<a href=""https://www.semrush.com/"" rel=""nofollow"">Semrush Social Media Tool</a>",NA,NA,NA,NA,NA,,,,NA,FALSE,0,1,FALSE,NA,FALSE,NA,es,FALSE,NA,257,NA,,NA,NA,NA,NA,NA,NA,NA,NA,NA,NA,NA,NA,NA
2023-01-27T10:59:58Z,1618926783927296e3,1618926783927296000,"#EnVivo | Choque entre un patrullero y una mototaxi deja como resultado cuatro personas heridas, en Muisne, Esmeraldas. Mira en vivo: https://t.co/jRTbm6bSCI https://t.co/HpJ2mfaqKF","#EnVivo | Choque entre un patrullero y una mototaxi deja como resultado cuatro personas heridas, en Muisne, Esmeraldas. Mira en vivo: https://t.co/jRTbm6bSCI https://t.co/HpJ2mfaqKF",FALSE,,"<a href=""https://periscope.tv"" rel=""nofollow"">Periscope</a>",NA,NA,NA,NA,NA,,,,NA,FALSE,0,1,FALSE,NA,FALSE,NA,es,FALSE,NA,181,NA,,NA,NA,NA,NA,NA,NA,NA,NA,NA,NA,NA,NA,NA
2023-01-27T01:55:14Z,1618789700600467500,1618789700600467456,#EnVivo | El exvicepresidente Jorge Glas logr√≥ la unificaci√≥n de penas. Mira en vivo: https://t.co/jRTbm6bSCI https://t.co/RM9sUkfyV3,#EnVivo | El exvicepresidente Jorge Glas logr√≥ la unificaci√≥n de penas. Mira en vivo: https://t.co/jRTbm6bSCI https://t.co/RM9sUkfyV3,FALSE,,"<a href=""https://periscope.tv"" rel=""nofollow"">Periscope</a>",NA,NA,NA,NA,NA,,,,NA,FALSE,0,0,FALSE,NA,FALSE,NA,es,FALSE,NA,133,NA,,NA,NA,NA,NA,NA,NA,NA,NA,NA,NA,NA,NA,NA
